{"metadata":{"asset_id":"3289caa9-4c93-4adc-9d63-f1f91fb53f3e","asset_attributes":["data_asset"],"name":"kasavusaree.zip","asset_type":"data_asset","created_at":"2020-10-01T16:18:25Z","description":"","origin_country":"us","owner_id":"IBMid-5500091HGM","project_id":"8c6db16f-3c89-4fc4-aee9-235929624add","size":386904,"tags":[],"usage":{"last_update_time":1601569106574,"last_updated_at":"2020-10-01T16:18:26Z"}},"entity":{"data_asset":{"mime_type":"application/x-zip-compressed","dataset":false}},"attachments":[{"id":"43438fe9-3604-42d3-8b60-bbb5c0593194","version":2,"asset_type":"data_asset","name":"kasavusaree.zip","mime":"application/x-zip-compressed","datasource_type":"193a97c1-4475-4a19-b90c-295c4fdc6517","object_key":"kasavusaree.zip","creator_id":"IBMid-5500091HGM","create_time":1601569106574,"size":386904,"is_remote":false,"is_managed":false,"is_referenced":true,"is_object_key_read_only":true,"is_user_provided_path_key":true,"transfer_complete":true,"is_partitioned":false,"complete_time_ticks":1601569106574,"user_data":{},"test_doc":0,"handle":{"bucket":"classifytypeofsaree-donotdelete-pr-zetqmywnvju9ia","location":"us-geo","key":"kasavusaree.zip","upload_id":"done","max_part_num":1},"usage":{"access_count":0,"last_accessor_id":"IBMid-5500091HGM","last_access_time":1601569106574}}]}
